fpr,tpr,thresholds,sensitivity,specificity,1-specificity,Youden J statistic,metric
0.0,0.0,1.8933052667946098,0.0,1.0,0.0,0.0,total run reads mapped
0.3333333333333333,0.46938775510204084,0.8933052667946098,0.46938775510204084,0.6666666666666667,0.3333333333333333,0.13605442176870763,total run reads mapped
0.4444444444444444,0.673469387755102,0.8425726001628612,0.673469387755102,0.5555555555555556,0.4444444444444444,0.22902494331065748,total run reads mapped
0.8888888888888888,0.8775510204081632,0.7802287919913184,0.8775510204081632,0.11111111111111116,0.8888888888888888,-0.0113378684807256,total run reads mapped
1.0,1.0,0.5487613992924416,1.0,0.0,1.0,0.0,total run reads mapped
