fpr,tpr,thresholds,sensitivity,specificity,1-specificity,Youden J statistic,metric
0.0,0.0,2.0,0.0,1.0,0.0,0.0,Cov10
0.0,0.3709677419354839,1.0,0.3709677419354839,1.0,0.0,0.370967741935484,Cov10
0.0,0.43548387096774194,0.9999367753983924,0.43548387096774194,1.0,0.0,0.435483870967742,Cov10
0.0,0.46774193548387094,0.9973026771102713,0.46774193548387094,1.0,0.0,0.467741935483871,Cov10
1.0,1.0,0.2308070291470594,1.0,0.0,1.0,0.0,Cov10
