fpr,tpr,thresholds,sensitivity,specificity,1-specificity,Youden J statistic,metric
0.0,0.0,2.0,0.0,1.0,0.0,0.0,Sample_num_reads_400
0.0,0.16326530612244897,1.0,0.16326530612244897,1.0,0.0,0.16326530612244894,Sample_num_reads_400
0.0,0.24489795918367346,0.999995530728413,0.24489795918367346,1.0,0.0,0.24489795918367352,Sample_num_reads_400
0.0,0.2857142857142857,0.9998590698415035,0.2857142857142857,1.0,0.0,0.2857142857142856,Sample_num_reads_400
0.0,0.32653061224489793,0.9955744692454457,0.32653061224489793,1.0,0.0,0.3265306122448979,Sample_num_reads_400
0.0,0.5714285714285714,0.9575131998863932,0.5714285714285714,1.0,0.0,0.5714285714285714,Sample_num_reads_400
0.0,0.6326530612244898,0.8770465500375573,0.6326530612244898,1.0,0.0,0.6326530612244898,Sample_num_reads_400
1.0,1.0,0.6930383293443919,1.0,0.0,1.0,0.0,Sample_num_reads_400
