fpr,tpr,thresholds,sensitivity,specificity,1-specificity,Youden J statistic,metric
0.0,0.0,2.0,0.0,1.0,0.0,0.0,Cov5
0.0,0.30612244897959184,1.0,0.30612244897959184,1.0,0.0,0.30612244897959195,Cov5
0.0,0.3469387755102041,0.9999999999962979,0.3469387755102041,1.0,0.0,0.346938775510204,Cov5
0.0,0.46938775510204084,0.9999878522782334,0.46938775510204084,1.0,0.0,0.4693877551020409,Cov5
0.0,0.5102040816326531,0.9999451472445399,0.5102040816326531,1.0,0.0,0.510204081632653,Cov5
1.0,1.0,0.7272762782708845,1.0,0.0,1.0,0.0,Cov5
