fpr,tpr,thresholds,sensitivity,specificity,1-specificity,Youden J statistic,metric
0.0,0.0,2.0,0.0,1.0,0.0,0.0,Cov5_perc
0.0,0.10204081632653061,1.0,0.10204081632653061,1.0,0.0,0.1020408163265305,Cov5_perc
0.0,0.2653061224489796,0.9999193161617385,0.2653061224489796,1.0,0.0,0.26530612244897966,Cov5_perc
0.0,0.3469387755102041,0.9966312381902493,0.3469387755102041,1.0,0.0,0.346938775510204,Cov5_perc
0.0,0.4489795918367347,0.9459921447365665,0.4489795918367347,1.0,0.0,0.44897959183673475,Cov5_perc
0.0,0.4897959183673469,0.9347385852892496,0.4897959183673469,1.0,0.0,0.48979591836734704,Cov5_perc
0.0,0.5102040816326531,0.9343701959172098,0.5102040816326531,1.0,0.0,0.510204081632653,Cov5_perc
1.0,1.0,0.7393437410536946,1.0,0.0,1.0,0.0,Cov5_perc
