fpr,tpr,thresholds,sensitivity,specificity,1-specificity,Youden J statistic,metric
0.0,0.0,1.8662190613795144,0.0,1.0,0.0,0.0,total run reads inc unmapped
0.3333333333333333,0.46938775510204084,0.8662190613795145,0.46938775510204084,0.6666666666666667,0.3333333333333333,0.13605442176870763,total run reads inc unmapped
0.7777777777777778,0.673469387755102,0.8569026176322246,0.673469387755102,0.2222222222222222,0.7777777777777778,-0.10430839002267578,total run reads inc unmapped
0.8888888888888888,0.8775510204081632,0.7826508369884024,0.8775510204081632,0.11111111111111116,0.8888888888888888,-0.0113378684807256,total run reads inc unmapped
1.0,1.0,0.7242837002816559,1.0,0.0,1.0,0.0,total run reads inc unmapped
