fpr,tpr,thresholds,sensitivity,specificity,1-specificity,Youden J statistic,metric
0.0,0.0,2.0,0.0,1.0,0.0,0.0,Cov10_perc
0.0,0.20967741935483872,1.0,0.20967741935483872,1.0,0.0,0.20967741935483875,Cov10_perc
0.0,0.3225806451612903,0.9874530280332711,0.3225806451612903,1.0,0.0,0.32258064516129026,Cov10_perc
0.0,0.3548387096774194,0.9692104211199863,0.3548387096774194,1.0,0.0,0.3548387096774195,Cov10_perc
0.0,0.43548387096774194,0.4223168440238131,0.43548387096774194,1.0,0.0,0.435483870967742,Cov10_perc
0.0,0.46774193548387094,0.36077265005613907,0.46774193548387094,1.0,0.0,0.467741935483871,Cov10_perc
1.0,1.0,0.25283330618632677,1.0,0.0,1.0,0.0,Cov10_perc
