fpr,tpr,thresholds,sensitivity,specificity,1-specificity,Youden J statistic,metric
0.0,0.0,2.0,0.0,1.0,0.0,0.0,Cov5
0.0,0.31343283582089554,1.0,0.31343283582089554,1.0,0.0,0.31343283582089554,Cov5
0.0,0.34328358208955223,0.9999999999999978,0.34328358208955223,1.0,0.0,0.3432835820895521,Cov5
0.0,0.373134328358209,0.9999999999995324,0.373134328358209,1.0,0.0,0.3731343283582089,Cov5
1.0,1.0,0.04105549693672551,1.0,0.0,1.0,0.0,Cov5
