fpr,tpr,thresholds,sensitivity,specificity,1-specificity,Youden J statistic,metric
0.0,0.0,1.4999999993783553,0.0,1.0,0.0,0.0,total run reads mapped
0.975699558173785,0.28735632183908044,0.49999999937835526,0.28735632183908044,0.024300441826215047,0.975699558173785,-0.6883432363347045,total run reads mapped
0.9764359351988218,0.3563218390804598,0.49918086816518664,0.3563218390804598,0.02356406480117823,0.9764359351988218,-0.620114096118362,total run reads mapped
0.979381443298969,0.47126436781609193,0.49469609617272586,0.47126436781609193,0.020618556701030966,0.979381443298969,-0.5081170754828771,total run reads mapped
0.9801178203240059,0.5862068965517241,0.4929778833286527,0.5862068965517241,0.01988217967599415,0.9801178203240059,-0.39391092377228176,total run reads mapped
0.9823269513991163,0.8505747126436781,0.4911051325476964,0.8505747126436781,0.0176730486008837,0.9823269513991163,-0.13175223875543818,total run reads mapped
1.0,1.0,0.38360836468609416,1.0,0.0,1.0,0.0,total run reads mapped
