fpr,tpr,thresholds,sensitivity,specificity,1-specificity,Youden J statistic,metric
0.0,0.0,1.6065045534210736,0.0,1.0,0.0,0.0,total run reads inc unmapped
0.017673048600883652,0.14942528735632185,0.6065045534210736,0.14942528735632185,0.9823269513991163,0.017673048600883652,0.13175223875543818,total run reads inc unmapped
0.019882179675994108,0.41379310344827586,0.5729160280950555,0.41379310344827586,0.9801178203240059,0.019882179675994108,0.39391092377228176,total run reads inc unmapped
0.022827687776141383,0.5287356321839081,0.5699067377624857,0.5287356321839081,0.9771723122238586,0.022827687776141383,0.5059079444077668,total run reads inc unmapped
0.023564064801178203,0.6436781609195402,0.5502011705462304,0.6436781609195402,0.9764359351988218,0.023564064801178203,0.620114096118362,total run reads inc unmapped
0.024300441826215022,0.7126436781609196,0.5378989455516633,0.7126436781609196,0.975699558173785,0.024300441826215022,0.6883432363347044,total run reads inc unmapped
1.0,1.0,0.4999999999985759,1.0,0.0,1.0,0.0,total run reads inc unmapped
