fpr,tpr,thresholds,sensitivity,specificity,1-specificity,Youden J statistic,metric
0.0,0.0,2.0,0.0,1.0,0.0,0.0,Cov3
0.0,0.373134328358209,1.0,0.373134328358209,1.0,0.0,0.3731343283582089,Cov3
0.0,0.43283582089552236,0.9996816556505758,0.43283582089552236,1.0,0.0,0.4328358208955223,Cov3
0.0010193679918450561,0.44776119402985076,0.8028617660033551,0.44776119402985076,0.9989806320081549,0.0010193679918450561,0.4467418260380056,Cov3
0.0010193679918450561,0.47761194029850745,0.17030186163124225,0.47761194029850745,0.9989806320081549,0.0010193679918450561,0.4765925723066624,Cov3
1.0,1.0,0.035521296374951085,1.0,0.0,1.0,0.0,Cov3
