fpr,tpr,thresholds,sensitivity,specificity,1-specificity,Youden J statistic,metric
0.0,0.0,2.0,0.0,1.0,0.0,0.0,Cov5_perc
0.0,0.11940298507462686,1.0,0.11940298507462686,1.0,0.0,0.11940298507462677,Cov5_perc
0.0,0.19402985074626866,0.999999995227695,0.19402985074626866,1.0,0.0,0.19402985074626855,Cov5_perc
0.0,0.2537313432835821,0.9999020831719208,0.2537313432835821,1.0,0.0,0.25373134328358216,Cov5_perc
0.0,0.3283582089552239,0.8477177404903977,0.3283582089552239,1.0,0.0,0.32835820895522394,Cov5_perc
0.0,0.3582089552238806,0.7652795031413084,0.3582089552238806,1.0,0.0,0.3582089552238805,Cov5_perc
0.0,0.373134328358209,0.7623911646670819,0.373134328358209,1.0,0.0,0.3731343283582089,Cov5_perc
1.0,1.0,0.04217411478492864,1.0,0.0,1.0,0.0,Cov5_perc
