fpr,tpr,thresholds,sensitivity,specificity,1-specificity,Youden J statistic,metric
0.0,0.0,2.0,0.0,1.0,0.0,0.0,Cov10_perc
0.0,0.16091954022988506,1.0,0.16091954022988506,1.0,0.0,0.16091954022988508,Cov10_perc
0.0,0.22988505747126436,0.993674405941777,0.22988505747126436,1.0,0.0,0.2298850574712643,Cov10_perc
0.0,0.25287356321839083,0.9756418222056326,0.25287356321839083,1.0,0.0,0.2528735632183907,Cov10_perc
0.0,0.3103448275862069,0.12774573984680943,0.3103448275862069,1.0,0.0,0.31034482758620685,Cov10_perc
0.0,0.3333333333333333,0.09055218445156074,0.3333333333333333,1.0,0.0,0.33333333333333326,Cov10_perc
1.0,1.0,0.04437038017877476,1.0,0.0,1.0,0.0,Cov10_perc
