fpr,tpr,thresholds,sensitivity,specificity,1-specificity,Youden J statistic,metric
0.0,0.0,2.0,0.0,1.0,0.0,0.0,Cov10
0.0,0.26436781609195403,1.0,0.26436781609195403,1.0,0.0,0.26436781609195403,Cov10
0.0,0.3103448275862069,0.9999679832641568,0.3103448275862069,1.0,0.0,0.31034482758620685,Cov10
0.0,0.3333333333333333,0.9966141103143465,0.3333333333333333,1.0,0.0,0.33333333333333326,Cov10
1.0,1.0,0.0409653115678428,1.0,0.0,1.0,0.0,Cov10
