fpr,tpr,thresholds,sensitivity,specificity,1-specificity,Youden J statistic,metric
0.0,0.0,2.0,0.0,1.0,0.0,0.0,Sample_num_reads_400
0.0,0.14925373134328357,1.0,0.14925373134328357,1.0,0.0,0.14925373134328357,Sample_num_reads_400
0.0,0.1791044776119403,0.9999999999885174,0.1791044776119403,1.0,0.0,0.17910447761194037,Sample_num_reads_400
0.0,0.208955223880597,0.9999999418896195,0.208955223880597,1.0,0.0,0.20895522388059695,Sample_num_reads_400
0.0,0.23880597014925373,0.9997060077696306,0.23880597014925373,1.0,0.0,0.23880597014925375,Sample_num_reads_400
0.0,0.417910447761194,0.9202310900937123,0.417910447761194,1.0,0.0,0.4179104477611939,Sample_num_reads_400
0.0,0.4626865671641791,0.40189028010709654,0.4626865671641791,1.0,0.0,0.4626865671641791,Sample_num_reads_400
1.0,1.0,0.037663193118209905,1.0,0.0,1.0,0.0,Sample_num_reads_400
