fpr,tpr,thresholds,sensitivity,specificity,1-specificity,Youden J statistic,metric
0.0,0.0,1.3531023475319488,0.0,1.0,0.0,0.0,Sample_reads_percent_of_type_sample
0.07952871870397643,0.6206896551724138,0.35310234753194886,0.6206896551724138,0.9204712812960236,0.07952871870397643,0.5411609364684375,Sample_reads_percent_of_type_sample
0.07952871870397643,0.6666666666666666,0.35119504255935025,0.6666666666666666,0.9204712812960236,0.07952871870397643,0.5871379479626904,Sample_reads_percent_of_type_sample
0.08100147275405008,0.6666666666666666,0.24243003947660863,0.6666666666666666,0.9189985272459499,0.08100147275405008,0.5856651939126165,Sample_reads_percent_of_type_sample
0.08100147275405008,0.7126436781609196,0.03384363257959579,0.7126436781609196,0.9189985272459499,0.08100147275405008,0.6316422054068696,Sample_reads_percent_of_type_sample
1.0,1.0,0.021683840224614566,1.0,0.0,1.0,0.0,Sample_reads_percent_of_type_sample
