fpr,tpr,thresholds,sensitivity,specificity,1-specificity,Youden J statistic,metric
0.0,0.0,1.9849964082631264,0.0,1.0,0.0,0.0,Sample_reads_percent_of_type_sample
0.0,0.014285714285714285,0.9849964082631264,0.014285714285714285,1.0,0.0,0.014285714285714235,Sample_reads_percent_of_type_sample
0.0,0.05714285714285714,0.9223240517886891,0.05714285714285714,1.0,0.0,0.05714285714285716,Sample_reads_percent_of_type_sample
0.015748031496062992,0.05714285714285714,0.4192960035709917,0.05714285714285714,0.984251968503937,0.015748031496062992,0.0413948256467942,Sample_reads_percent_of_type_sample
0.015748031496062992,0.14285714285714285,0.34360969012641607,0.14285714285714285,0.984251968503937,0.015748031496062992,0.12710911136107983,Sample_reads_percent_of_type_sample
1.0,1.0,0.3411933571848913,1.0,0.0,1.0,0.0,Sample_reads_percent_of_type_sample
