fpr,tpr,thresholds,sensitivity,specificity,1-specificity,Youden J statistic,metric,ROC AUC,logit ROC AUC
0.0,0.0,100.01013276259908,0.0,1.0,0.0,0.0,Cov5_perc,0.6865671641791045,0.6865671641791045
0.0,0.014925373134328358,99.01013276259908,0.014925373134328358,1.0,0.0,0.014925373134328401,Cov5_perc,0.6865671641791045,0.6865671641791045
0.0,0.19402985074626866,9.677902621722849,0.19402985074626866,1.0,0.0,0.19402985074626855,Cov5_perc,0.6865671641791045,0.6865671641791045
0.0,0.2537313432835821,5.3655570755433954,0.2537313432835821,1.0,0.0,0.25373134328358216,Cov5_perc,0.6865671641791045,0.6865671641791045
0.0,0.3283582089552239,2.101927305652568,0.3283582089552239,1.0,0.0,0.32835820895522394,Cov5_perc,0.6865671641791045,0.6865671641791045
0.0,0.3582089552238806,1.8695850433196533,0.3582089552238806,1.0,0.0,0.3582089552238805,Cov5_perc,0.6865671641791045,0.6865671641791045
0.0,0.373134328358209,1.8626309662398133,0.373134328358209,1.0,0.0,0.3731343283582089,Cov5_perc,0.6865671641791045,0.6865671641791045
1.0,1.0,0.0,1.0,0.0,1.0,0.0,Cov5_perc,0.6865671641791045,0.6865671641791045
