fpr,tpr,thresholds,sensitivity,specificity,1-specificity,Youden J statistic,metric,ROC AUC,logit ROC AUC
0.0,0.0,28122.0,0.0,1.0,0.0,0.0,Cov10,0.6666666666666666,0.6666666666666666
0.0,0.011494252873563218,28121.0,0.011494252873563218,1.0,0.0,0.011494252873563315,Cov10,0.6666666666666666,0.6666666666666666
0.0,0.22988505747126436,456.0,0.22988505747126436,1.0,0.0,0.2298850574712643,Cov10,0.6666666666666666,0.6666666666666666
0.0,0.25287356321839083,319.0,0.25287356321839083,1.0,0.0,0.2528735632183907,Cov10,0.6666666666666666,0.6666666666666666
0.0,0.3103448275862069,55.0,0.3103448275862069,1.0,0.0,0.31034482758620685,Cov10,0.6666666666666666,0.6666666666666666
0.0,0.3333333333333333,36.0,0.3333333333333333,1.0,0.0,0.33333333333333326,Cov10,0.6666666666666666,0.6666666666666666
1.0,1.0,0.0,1.0,0.0,1.0,0.0,Cov10,0.6666666666666666,0.6666666666666666
