fpr,tpr,thresholds,sensitivity,specificity,1-specificity,Youden J statistic,metric,ROC AUC,logit ROC AUC
0.0,0.0,3952948.0,0.0,1.0,0.0,0.0,total run reads inc unmapped,0.8397745162764715,0.8397745162764715
0.017673048600883652,0.14942528735632185,3952947.0,0.14942528735632185,0.9823269513991163,0.017673048600883652,0.13175223875543818,total run reads inc unmapped,0.8397745162764715,0.8397745162764715
0.019882179675994108,0.41379310344827586,2683997.0,0.41379310344827586,0.9801178203240059,0.019882179675994108,0.39391092377228176,total run reads inc unmapped,0.8397745162764715,0.8397745162764715
0.022827687776141383,0.5287356321839081,2571726.0,0.5287356321839081,0.9771723122238586,0.022827687776141383,0.5059079444077668,total run reads inc unmapped,0.8397745162764715,0.8397745162764715
0.023564064801178203,0.6436781609195402,1840904.0,0.6436781609195402,0.9764359351988218,0.023564064801178203,0.620114096118362,total run reads inc unmapped,0.8397745162764715,0.8397745162764715
0.024300441826215022,0.7126436781609196,1387754.0,0.7126436781609196,0.975699558173785,0.024300441826215022,0.6883432363347044,total run reads inc unmapped,0.8397745162764715,0.8397745162764715
1.0,1.0,0.0,1.0,0.0,1.0,0.0,total run reads inc unmapped,0.8397745162764715,0.8397745162764715
