fpr,tpr,thresholds,sensitivity,specificity,1-specificity,Youden J statistic,metric,ROC AUC,logit ROC AUC
0.0,0.0,100.6054844134006,0.0,1.0,0.0,0.0,Cov10_perc,0.6666666666666666,0.6666666666666666
0.0,0.011494252873563218,99.6054844134006,0.011494252873563218,1.0,0.0,0.011494252873563315,Cov10_perc,0.6666666666666666,0.6666666666666666
0.0,0.22988505747126436,2.9144829349354464,0.22988505747126436,1.0,0.0,0.2298850574712643,Cov10_perc,0.6666666666666666,0.6666666666666666
0.0,0.25287356321839083,2.4243806049551604,0.25287356321839083,1.0,0.0,0.2528735632183907,Cov10_perc,0.6666666666666666,0.6666666666666666
0.0,0.3103448275862069,0.4119850187265917,0.3103448275862069,1.0,0.0,0.31034482758620685,Cov10_perc,0.6666666666666666,0.6666666666666666
0.0,0.3333333333333333,0.2735978112175102,0.3333333333333333,1.0,0.0,0.33333333333333326,Cov10_perc,0.6666666666666666,0.6666666666666666
1.0,1.0,0.0,1.0,0.0,1.0,0.0,Cov10_perc,0.6666666666666666,0.6666666666666666
