fpr,tpr,thresholds,sensitivity,specificity,1-specificity,Youden J statistic,metric,ROC AUC,logit ROC AUC
0.0,0.0,1018.0,0.0,1.0,0.0,0.0,Sample_num_reads_400,0.7313432835820896,0.7313432835820896
0.0,0.014925373134328358,1017.0,0.014925373134328358,1.0,0.0,0.014925373134328401,Sample_num_reads_400,0.7313432835820896,0.7313432835820896
0.0,0.1791044776119403,10.0,0.1791044776119403,1.0,0.0,0.17910447761194037,Sample_num_reads_400,0.7313432835820896,0.7313432835820896
0.0,0.208955223880597,7.0,0.208955223880597,1.0,0.0,0.20895522388059695,Sample_num_reads_400,0.7313432835820896,0.7313432835820896
0.0,0.23880597014925373,4.0,0.23880597014925373,1.0,0.0,0.23880597014925375,Sample_num_reads_400,0.7313432835820896,0.7313432835820896
0.0,0.417910447761194,2.0,0.417910447761194,1.0,0.0,0.4179104477611939,Sample_num_reads_400,0.7313432835820896,0.7313432835820896
0.0,0.4626865671641791,1.0,0.4626865671641791,1.0,0.0,0.4626865671641791,Sample_num_reads_400,0.7313432835820896,0.7313432835820896
1.0,1.0,0.0,1.0,0.0,1.0,0.0,Sample_num_reads_400,0.7313432835820896,0.7313432835820896
