fpr,tpr,thresholds,sensitivity,specificity,1-specificity,Youden J statistic,metric,ROC AUC,logit ROC AUC
0.0,0.0,29608.0,0.0,1.0,0.0,0.0,Cov5,0.6865671641791045,0.6865671641791045
0.0,0.014925373134328358,29607.0,0.014925373134328358,1.0,0.0,0.014925373134328401,Cov5,0.6865671641791045,0.6865671641791045
0.0,0.16417910447761194,1292.0,0.16417910447761194,1.0,0.0,0.16417910447761197,Cov5,0.6865671641791045,0.6865671641791045
0.0,0.19402985074626866,1273.0,0.19402985074626866,1.0,0.0,0.19402985074626855,Cov5,0.6865671641791045,0.6865671641791045
0.0,0.22388059701492538,1148.0,0.22388059701492538,1.0,0.0,0.22388059701492535,Cov5,0.6865671641791045,0.6865671641791045
0.0,0.2537313432835821,706.0,0.2537313432835821,1.0,0.0,0.25373134328358216,Cov5,0.6865671641791045,0.6865671641791045
0.0,0.34328358208955223,288.0,0.34328358208955223,1.0,0.0,0.3432835820895521,Cov5,0.6865671641791045,0.6865671641791045
0.0,0.373134328358209,246.0,0.373134328358209,1.0,0.0,0.3731343283582089,Cov5,0.6865671641791045,0.6865671641791045
1.0,1.0,0.0,1.0,0.0,1.0,0.0,Cov5,0.6865671641791045,0.6865671641791045
