fpr,tpr,thresholds,sensitivity,specificity,1-specificity,Youden J statistic,metric
0.0,0.0,1.984068730656371,0.0,1.0,0.0,0.0,Sample_reads_percent_of_type_sample
0.0,0.016129032258064516,0.9840687306563709,0.016129032258064516,1.0,0.0,0.016129032258064502,Sample_reads_percent_of_type_sample
0.0,0.06451612903225806,0.9198315181056707,0.06451612903225806,1.0,0.0,0.06451612903225801,Sample_reads_percent_of_type_sample
0.01818181818181818,0.06451612903225806,0.4215717586802187,0.06451612903225806,0.9818181818181818,0.01818181818181818,0.04633431085043993,Sample_reads_percent_of_type_sample
0.01818181818181818,0.12903225806451613,0.3470721879567942,0.12903225806451613,0.9818181818181818,0.01818181818181818,0.11085043988269794,Sample_reads_percent_of_type_sample
1.0,1.0,0.34446415241654443,1.0,0.0,1.0,0.0,Sample_reads_percent_of_type_sample
