fpr,tpr,thresholds,sensitivity,specificity,1-specificity,Youden J statistic,metric,ROC AUC,logit ROC AUC
0.0,0.0,21960.0,0.0,1.0,0.0,0.0,total run reads mapped,0.590702947845805,0.590702947845805
0.3333333333333333,0.46938775510204084,21959.0,0.46938775510204084,0.6666666666666667,0.3333333333333333,0.13605442176870763,total run reads mapped,0.590702947845805,0.590702947845805
0.4444444444444444,0.673469387755102,17335.0,0.673469387755102,0.5555555555555556,0.4444444444444444,0.22902494331065748,total run reads mapped,0.590702947845805,0.590702947845805
0.8888888888888888,0.8775510204081632,13093.0,0.8775510204081632,0.11111111111111116,0.8888888888888888,-0.0113378684807256,total run reads mapped,0.590702947845805,0.590702947845805
1.0,1.0,2022.0,1.0,0.0,1.0,0.0,total run reads mapped,0.590702947845805,0.590702947845805
