fpr,tpr,thresholds,sensitivity,specificity,1-specificity,Youden J statistic,metric,ROC AUC,logit ROC AUC
0.0,0.0,100.01013276259908,0.0,1.0,0.0,0.0,Cov5_perc,0.7551020408163265,0.7551020408163265
0.0,0.02040816326530612,99.01013276259908,0.02040816326530612,1.0,0.0,0.020408163265306145,Cov5_perc,0.7551020408163265,0.7551020408163265
0.0,0.2653061224489796,9.677902621722849,0.2653061224489796,1.0,0.0,0.26530612244897966,Cov5_perc,0.7551020408163265,0.7551020408163265
0.0,0.3469387755102041,5.3655570755433954,0.3469387755102041,1.0,0.0,0.346938775510204,Cov5_perc,0.7551020408163265,0.7551020408163265
0.0,0.4489795918367347,2.101927305652568,0.4489795918367347,1.0,0.0,0.44897959183673475,Cov5_perc,0.7551020408163265,0.7551020408163265
0.0,0.4897959183673469,1.8695850433196533,0.4897959183673469,1.0,0.0,0.48979591836734704,Cov5_perc,0.7551020408163265,0.7551020408163265
0.0,0.5102040816326531,1.8626309662398133,0.5102040816326531,1.0,0.0,0.510204081632653,Cov5_perc,0.7551020408163265,0.7551020408163265
1.0,1.0,0.0,1.0,0.0,1.0,0.0,Cov5_perc,0.7551020408163265,0.7551020408163265
