fpr,tpr,thresholds,sensitivity,specificity,1-specificity,Youden J statistic,metric,ROC AUC,logit ROC AUC
0.0,0.0,100.6054844134006,0.0,1.0,0.0,0.0,Cov10_perc,0.7338709677419355,0.7338709677419355
0.0,0.016129032258064516,99.6054844134006,0.016129032258064516,1.0,0.0,0.016129032258064502,Cov10_perc,0.7338709677419355,0.7338709677419355
0.0,0.3225806451612903,2.9144829349354464,0.3225806451612903,1.0,0.0,0.32258064516129026,Cov10_perc,0.7338709677419355,0.7338709677419355
0.0,0.3548387096774194,2.4243806049551604,0.3548387096774194,1.0,0.0,0.3548387096774195,Cov10_perc,0.7338709677419355,0.7338709677419355
0.0,0.43548387096774194,0.4119850187265917,0.43548387096774194,1.0,0.0,0.435483870967742,Cov10_perc,0.7338709677419355,0.7338709677419355
0.0,0.46774193548387094,0.2735978112175102,0.46774193548387094,1.0,0.0,0.467741935483871,Cov10_perc,0.7338709677419355,0.7338709677419355
1.0,1.0,0.0,1.0,0.0,1.0,0.0,Cov10_perc,0.7338709677419355,0.7338709677419355
