fpr,tpr,thresholds,sensitivity,specificity,1-specificity,Youden J statistic,metric,ROC AUC,logit ROC AUC
0.0,0.0,1018.0,0.0,1.0,0.0,0.0,Sample_num_reads_400,0.8163265306122449,0.8163265306122449
0.0,0.02040816326530612,1017.0,0.02040816326530612,1.0,0.0,0.020408163265306145,Sample_num_reads_400,0.8163265306122449,0.8163265306122449
0.0,0.24489795918367346,10.0,0.24489795918367346,1.0,0.0,0.24489795918367352,Sample_num_reads_400,0.8163265306122449,0.8163265306122449
0.0,0.2857142857142857,7.0,0.2857142857142857,1.0,0.0,0.2857142857142856,Sample_num_reads_400,0.8163265306122449,0.8163265306122449
0.0,0.32653061224489793,4.0,0.32653061224489793,1.0,0.0,0.3265306122448979,Sample_num_reads_400,0.8163265306122449,0.8163265306122449
0.0,0.5714285714285714,2.0,0.5714285714285714,1.0,0.0,0.5714285714285714,Sample_num_reads_400,0.8163265306122449,0.8163265306122449
0.0,0.6326530612244898,1.0,0.6326530612244898,1.0,0.0,0.6326530612244898,Sample_num_reads_400,0.8163265306122449,0.8163265306122449
1.0,1.0,0.0,1.0,0.0,1.0,0.0,Sample_num_reads_400,0.8163265306122449,0.8163265306122449
