fpr,tpr,thresholds,sensitivity,specificity,1-specificity,Youden J statistic,metric,ROC AUC,logit ROC AUC
0.0,0.0,3952948.0,0.0,1.0,0.0,0.0,total run reads inc unmapped,0.7738269794721407,0.7738269794721407
0.21818181818181817,0.20967741935483872,3952947.0,0.20967741935483872,0.7818181818181819,0.21818181818181817,-0.008504398826979398,total run reads inc unmapped,0.7738269794721407,0.7738269794721407
0.24545454545454545,0.5806451612903226,2683997.0,0.5806451612903226,0.7545454545454545,0.24545454545454545,0.33519061583577714,total run reads inc unmapped,0.7738269794721407,0.7738269794721407
0.2818181818181818,0.7419354838709677,2571726.0,0.7419354838709677,0.7181818181818183,0.2818181818181818,0.460117302052786,total run reads inc unmapped,0.7738269794721407,0.7738269794721407
0.2909090909090909,0.9032258064516129,1840904.0,0.9032258064516129,0.7090909090909091,0.2909090909090909,0.612316715542522,total run reads inc unmapped,0.7738269794721407,0.7738269794721407
0.3,1.0,1387754.0,1.0,0.7,0.3,0.7,total run reads inc unmapped,0.7738269794721407,0.7738269794721407
1.0,1.0,0.0,1.0,0.0,1.0,0.0,total run reads inc unmapped,0.7738269794721407,0.7738269794721407
