fpr,tpr,thresholds,sensitivity,specificity,1-specificity,Youden J statistic,metric,ROC AUC,logit ROC AUC
0.0,0.0,29608.0,0.0,1.0,0.0,0.0,Cov5,0.7551020408163265,0.7551020408163265
0.0,0.02040816326530612,29607.0,0.02040816326530612,1.0,0.0,0.020408163265306145,Cov5,0.7551020408163265,0.7551020408163265
0.0,0.22448979591836735,1292.0,0.22448979591836735,1.0,0.0,0.22448979591836737,Cov5,0.7551020408163265,0.7551020408163265
0.0,0.2653061224489796,1273.0,0.2653061224489796,1.0,0.0,0.26530612244897966,Cov5,0.7551020408163265,0.7551020408163265
0.0,0.30612244897959184,1148.0,0.30612244897959184,1.0,0.0,0.30612244897959195,Cov5,0.7551020408163265,0.7551020408163265
0.0,0.3469387755102041,706.0,0.3469387755102041,1.0,0.0,0.346938775510204,Cov5,0.7551020408163265,0.7551020408163265
0.0,0.46938775510204084,288.0,0.46938775510204084,1.0,0.0,0.4693877551020409,Cov5,0.7551020408163265,0.7551020408163265
0.0,0.5102040816326531,246.0,0.5102040816326531,1.0,0.0,0.510204081632653,Cov5,0.7551020408163265,0.7551020408163265
1.0,1.0,0.0,1.0,0.0,1.0,0.0,Cov5,0.7551020408163265,0.7551020408163265
