fpr,tpr,thresholds,sensitivity,specificity,1-specificity,Youden J statistic,metric,ROC AUC,minVal threshold,logit_roc_auc
0.2677165354330709,0.9714285714285714,0.0046842978432712,0.9714285714285714,0.7322834645669292,0.2677165354330709,0.7037120359955007,AuG_trunc10,0.9251968503937008,0.005,0.9251968503937008
0.2677165354330709,0.9714285714285714,0.4684297843271202,0.9714285714285714,0.7322834645669292,0.2677165354330709,0.7037120359955007,Cov1_perc,0.9248593925759281,0.5,0.9248593925759281
0.2755905511811024,0.9857142857142858,3.888439126096637e-05,0.9857142857142858,0.7244094488188977,0.2755905511811024,0.7101237345331834,Sample_reads_percent_of_run,0.9437570303712035,4e-05,0.9437570303712035
0.08661417322834646,0.9285714285714286,0.0076376689834262,0.9285714285714286,0.9133858267716536,0.08661417322834646,0.8419572553430821,Sample_reads_percent_of_refs,0.9791901012373454,0.008,0.9791901012373454
0.08661417322834646,0.7571428571428571,7.397846787026814,0.7571428571428571,0.9133858267716536,0.08661417322834646,0.6705286839145108,Sample_reads_percent_of_type_run,0.8068053993250843,7.398000000000001,0.8068053993250843
0.0,0.0,101.0,0.0,1.0,0.0,0.0,Sample_reads_percent_of_type_sample,0.43667041619797525,0.0,0.5633295838020248
0.30708661417322836,0.9857142857142858,218.3333333333333,0.9857142857142858,0.6929133858267716,0.30708661417322836,0.6786276715410575,mean_read_length,0.7688413948256468,220.0,0.7688413948256468
0.25196850393700787,0.9571428571428572,141.89361702127658,0.9571428571428572,0.7480314960629921,0.25196850393700787,0.7051743532058494,mean_aligned_length,0.8575928008998875,140.0,0.8575928008998875
