fpr,tpr,thresholds,sensitivity,specificity,1-specificity,Youden J statistic,metric,ROC AUC
0.0,0.0,101.0,0.0,1.0,0.0,0.0,Sample_reads_percent_of_type_sample,0.43667041619797525
0.984251968503937,0.8571428571428571,100.0,0.8571428571428571,0.015748031496062964,0.984251968503937,-0.12710911136107994,Sample_reads_percent_of_type_sample,0.43667041619797525
0.984251968503937,0.9428571428571428,99.53379953379954,0.9428571428571428,0.015748031496062964,0.984251968503937,-0.0413948256467942,Sample_reads_percent_of_type_sample,0.43667041619797525
1.0,0.9428571428571428,83.33333333333334,0.9428571428571428,0.0,1.0,-0.05714285714285716,Sample_reads_percent_of_type_sample,0.43667041619797525
1.0,1.0,14.285714285714285,1.0,0.0,1.0,0.0,Sample_reads_percent_of_type_sample,0.43667041619797525
